organism	slope	r.squared	p.value
A. baumannii	1.7689014058746235e-4	0.49638211478328564	0.022912337946620343
C. jejuni	1.777998879270117e-4	0.0894899432637891	0.4010959676286231
E. coli	2.2843022112250837e-5	0.01808465760336288	0.7110892756571123
E. faecalis	4.0198965188837634e-4	0.24507065767965613	0.14573032421124962
E. faecium	4.238429186782944e-5	0.1006272860280721	0.37179738639744275
K. pneumoniae	5.755625005038034e-5	0.03562888366765721	0.6014954152765559
N. gonorrhoeae	2.64394960418365e-5	0.01171189379837272	0.7660186419097713
P. aeruginosa	-1.3064437988467367e-5	0.010019574668713695	0.7832167749521631
S. aureus	4.321799308003428e-5	0.16090915085843768	0.25060303496108305
S. enterica	-1.516949862191101e-5	0.0021033200554879663	0.8998876916016867
