organism	run	size	rep	status	elapsed_sec	samples_processed	samples_skipped	markers_matched	amr_marker_count	avg_markers_per_sample	markers_unmatched	n_rules
Ngono	Ngono_100_rep1	100	1	0	1.9840000000003783	100	0	988	1527	15.27	539	123
Ngono	Ngono_100_rep10	100	10	0	1.701000000000931	100	0	958	1503	15.03	545	123
Ngono	Ngono_100_rep2	100	2	0	1.7449999999989814	100	0	1010	1559	15.59	549	123
Ngono	Ngono_100_rep3	100	3	0	1.7489999999997965	100	0	968	1502	15.02	534	123
Ngono	Ngono_100_rep4	100	4	0	1.6740000000008877	100	0	984	1523	15.23	539	123
Ngono	Ngono_100_rep5	100	5	0	1.7440000000005966	100	0	973	1510	15.1	537	123
Ngono	Ngono_100_rep6	100	6	0	1.684999999999491	100	0	974	1520	15.2	546	123
Ngono	Ngono_100_rep7	100	7	0	1.7069999999985157	100	0	1011	1549	15.49	538	123
Ngono	Ngono_100_rep8	100	8	0	1.7309999999997672	100	0	1014	1550	15.5	536	123
Ngono	Ngono_100_rep9	100	9	0	1.727999999999156	100	0	941	1480	14.8	539	123
Ngono	Ngono_1000_rep1	1000	1	0	2.2770000000000437	1000	0	9776	15197	15.197	5421	123
Ngono	Ngono_1000_rep10	1000	10	0	2.2620000000006257	1000	0	9661	15073	15.073	5412	123
Ngono	Ngono_1000_rep2	1000	2	0	2.2729999999992287	1000	0	9604	15001	15.001	5397	123
Ngono	Ngono_1000_rep3	1000	3	0	2.280000000000655	1000	0	10055	15492	15.492	5437	123
Ngono	Ngono_1000_rep4	1000	4	0	2.3280000000013388	1000	0	9807	15213	15.213	5406	123
Ngono	Ngono_1000_rep5	1000	5	0	2.323999999998705	1000	0	9745	15128	15.128	5383	123
Ngono	Ngono_1000_rep6	1000	6	0	2.324000000000524	1000	0	9995	15418	15.418	5423	123
Ngono	Ngono_1000_rep7	1000	7	0	2.3630000000011933	1000	0	9731	15138	15.138	5407	123
Ngono	Ngono_1000_rep8	1000	8	0	2.3400000000001455	1000	0	9810	15221	15.221	5411	123
Ngono	Ngono_1000_rep9	1000	9	0	2.3520000000007713	1000	0	9831	15225	15.225	5394	123
Ngono	Ngono_10000_rep1	10000	1	0	9.08599999999933	10000	0	98223	152387	15.2387	54164	123
Ngono	Ngono_10000_rep10	10000	10	0	9.174999999999272	10000	0	97318	151380	15.138	54062	123
Ngono	Ngono_10000_rep2	10000	2	0	9.452000000001137	10000	0	98008	152091	15.2091	54083	123
Ngono	Ngono_10000_rep3	10000	3	0	9.404000000000453	10000	0	97655	151832	15.1832	54177	123
Ngono	Ngono_10000_rep4	10000	4	0	9.35400000000118	10000	0	97314	151527	15.1527	54213	123
Ngono	Ngono_10000_rep5	10000	5	0	9.618000000000391	10000	0	97913	152045	15.2045	54132	123
Ngono	Ngono_10000_rep6	10000	6	0	9.450000000000728	10000	0	98012	152146	15.2146	54134	123
Ngono	Ngono_10000_rep7	10000	7	0	9.451000000000931	10000	0	97671	151883	15.1883	54212	123
Ngono	Ngono_10000_rep8	10000	8	0	9.457000000000336	10000	0	97441	151563	15.1563	54122	123
Ngono	Ngono_10000_rep9	10000	9	0	9.450999999999112	10000	0	97730	151826	15.1826	54096	123
Ngono	Ngono_200_rep1	200	1	0	1.92699999999968	200	0	1992	3070	15.35	1078	123
Ngono	Ngono_200_rep10	200	10	0	1.925999999999476	200	0	1921	2999	14.995	1078	123
Ngono	Ngono_200_rep2	200	2	0	1.8950000000004368	200	0	1981	3071	15.355	1090	123
Ngono	Ngono_200_rep3	200	3	0	1.835000000000946	200	0	1978	3059	15.295	1081	123
Ngono	Ngono_200_rep4	200	4	0	1.850000000000364	200	0	1924	2995	14.975	1071	123
Ngono	Ngono_200_rep5	200	5	0	1.8700000000008004	200	0	1933	3014	15.07	1081	123
Ngono	Ngono_200_rep6	200	6	0	1.8509999999987483	200	0	1966	3050	15.25	1084	123
Ngono	Ngono_200_rep7	200	7	0	1.8760000000002035	200	0	1994	3069	15.345	1075	123
Ngono	Ngono_200_rep8	200	8	0	1.8330000000005384	200	0	1900	2985	14.925	1085	123
Ngono	Ngono_200_rep9	200	9	0	1.8430000000007567	200	0	2005	3089	15.445	1084	123
Ngono	Ngono_2000_rep1	2000	1	0	3.0460000000002765	2000	0	19577	30442	15.221	10865	123
Ngono	Ngono_2000_rep10	2000	10	0	3.013999999999214	2000	0	19418	30242	15.121	10824	123
Ngono	Ngono_2000_rep2	2000	2	0	2.9609999999993306	2000	0	19389	30224	15.112	10835	123
Ngono	Ngono_2000_rep3	2000	3	0	2.988999999999578	2000	0	19734	30555	15.2775	10821	123
Ngono	Ngono_2000_rep4	2000	4	0	3.041000000001077	2000	0	19769	30615	15.3075	10846	123
Ngono	Ngono_2000_rep5	2000	5	0	2.993000000000393	2000	0	19003	29813	14.9065	10810	123
Ngono	Ngono_2000_rep6	2000	6	0	3.0500000000010914	2000	0	19346	30186	15.093	10840	123
Ngono	Ngono_2000_rep7	2000	7	0	3.076999999999316	2000	0	19645	30514	15.257	10869	123
Ngono	Ngono_2000_rep8	2000	8	0	3.036000000000058	2000	0	19460	30284	15.142	10824	123
Ngono	Ngono_2000_rep9	2000	9	0	3.0419999999994616	2000	0	19553	30370	15.185	10817	123
Ngono	Ngono_500_rep1	500	1	0	2.02599999999984	500	0	4964	7668	15.336	2704	123
Ngono	Ngono_500_rep10	500	10	0	2.018000000000029	500	0	4880	7614	15.228	2734	123
Ngono	Ngono_500_rep2	500	2	0	2.0280000000002474	500	0	4848	7563	15.126	2715	123
Ngono	Ngono_500_rep3	500	3	0	2.033000000001266	500	0	4864	7565	15.13	2701	123
Ngono	Ngono_500_rep4	500	4	0	2.0279999999984284	500	0	4962	7670	15.34	2708	123
Ngono	Ngono_500_rep5	500	5	0	2.0530000000017026	500	0	4866	7563	15.126	2697	123
Ngono	Ngono_500_rep6	500	6	0	2.0910000000003492	500	0	4923	7624	15.248	2701	123
Ngono	Ngono_500_rep7	500	7	0	2.135999999998603	500	0	4945	7661	15.322	2716	123
Ngono	Ngono_500_rep8	500	8	0	2.055000000000291	500	0	4909	7610	15.22	2701	123
Ngono	Ngono_500_rep9	500	9	0	2.0799999999999272	500	0	4858	7584	15.168	2726	123
Ngono	Ngono_5000_rep1	5000	1	0	5.197000000000116	5000	0	48346	75417	15.0834	27071	123
Ngono	Ngono_5000_rep10	5000	10	0	5.184000000001106	5000	0	48904	75946	15.1892	27042	123
Ngono	Ngono_5000_rep2	5000	2	0	5.178000000001703	5000	0	48959	76039	15.2078	27080	123
Ngono	Ngono_5000_rep3	5000	3	0	5.162000000000262	5000	0	49100	76194	15.2388	27094	123
Ngono	Ngono_5000_rep4	5000	4	0	5.17699999999968	5000	0	48960	76006	15.2012	27046	123
Ngono	Ngono_5000_rep5	5000	5	0	5.227000000000771	5000	0	49054	76125	15.225	27071	123
Ngono	Ngono_5000_rep6	5000	6	0	5.269000000000233	5000	0	48568	75624	15.1248	27056	123
Ngono	Ngono_5000_rep7	5000	7	0	5.261000000000422	5000	0	49031	76121	15.2242	27090	123
Ngono	Ngono_5000_rep8	5000	8	0	5.221000000001368	5000	0	48774	75864	15.1728	27090	123
Ngono	Ngono_5000_rep9	5000	9	0	5.242000000000189	5000	0	48523	75574	15.1148	27051	123
Abaumannii	Abaumannii_100_rep1	100	1	0	1.8820000000000616	100	0	572	1603	16.03	1031	405
Abaumannii	Abaumannii_100_rep10	100	10	0	1.9389999999998508	100	0	572	1672	16.72	1100	405
Abaumannii	Abaumannii_100_rep2	100	2	0	1.897000000000162	100	0	567	1639	16.39	1072	405
Abaumannii	Abaumannii_100_rep3	100	3	0	1.9039999999999964	100	0	578	1648	16.48	1070	405
Abaumannii	Abaumannii_100_rep4	100	4	0	1.8730000000000473	100	0	571	1663	16.63	1092	405
Abaumannii	Abaumannii_100_rep5	100	5	0	1.844000000000051	100	0	570	1599	15.99	1029	405
Abaumannii	Abaumannii_100_rep6	100	6	0	1.90300000000002	100	0	567	1621	16.21	1054	405
Abaumannii	Abaumannii_100_rep7	100	7	0	1.8540000000000416	100	0	578	1650	16.5	1072	405
Abaumannii	Abaumannii_100_rep8	100	8	0	1.8419999999998709	100	0	570	1647	16.47	1077	405
Abaumannii	Abaumannii_100_rep9	100	9	0	1.8640000000000327	100	0	579	1653	16.53	1074	405
Abaumannii	Abaumannii_1000_rep1	1000	1	0	3.3360000000000127	1000	0	5728	16287	16.287	10559	405
Abaumannii	Abaumannii_1000_rep10	1000	10	0	3.321999999999889	1000	0	5704	16228	16.228	10524	405
Abaumannii	Abaumannii_1000_rep2	1000	2	0	3.3610000000001037	1000	0	5730	16509	16.509	10779	405
Abaumannii	Abaumannii_1000_rep3	1000	3	0	3.3489999999999327	1000	0	5725	16402	16.402	10677	405
Abaumannii	Abaumannii_1000_rep4	1000	4	0	3.349999999999909	1000	0	5749	16429	16.429	10680	405
Abaumannii	Abaumannii_1000_rep5	1000	5	0	3.3170000000000073	1000	0	5712	16375	16.375	10663	405
Abaumannii	Abaumannii_1000_rep6	1000	6	0	3.372000000000071	1000	0	5716	16522	16.522	10806	405
Abaumannii	Abaumannii_1000_rep7	1000	7	0	3.3700000000001182	1000	0	5721	16367	16.367	10646	405
Abaumannii	Abaumannii_1000_rep8	1000	8	0	3.2999999999999545	1000	0	5713	16255	16.255	10542	405
Abaumannii	Abaumannii_1000_rep9	1000	9	0	3.366000000000213	1000	0	5709	16356	16.356	10647	405
Abaumannii	Abaumannii_10000_rep1	10000	1	0	19.069999999999936	10000	0	57225	164268	16.4268	107043	405
Abaumannii	Abaumannii_10000_rep10	10000	10	0	19.603000000000065	10000	0	57186	163655	16.3655	106469	405
Abaumannii	Abaumannii_10000_rep2	10000	2	0	19.284000000000106	10000	0	57190	164400	16.44	107210	405
Abaumannii	Abaumannii_10000_rep3	10000	3	0	19.342000000000095	10000	0	57223	164114	16.4114	106891	405
Abaumannii	Abaumannii_10000_rep4	10000	4	0	19.814000000000082	10000	0	57174	164322	16.4322	107148	405
Abaumannii	Abaumannii_10000_rep5	10000	5	0	19.850000000000136	10000	0	57175	163987	16.3987	106812	405
Abaumannii	Abaumannii_10000_rep6	10000	6	0	19.565000000000055	10000	0	57143	163999	16.3999	106856	405
Abaumannii	Abaumannii_10000_rep7	10000	7	0	20.023999999999887	10000	0	57203	164512	16.4512	107309	405
Abaumannii	Abaumannii_10000_rep8	10000	8	0	19.461000000000013	10000	0	57213	164039	16.4039	106826	405
Abaumannii	Abaumannii_10000_rep9	10000	9	0	19.422000000000025	10000	0	57137	163855	16.3855	106718	405
Abaumannii	Abaumannii_200_rep1	200	1	0	2.0850000000000364	200	0	1156	3350	16.75	2194	405
Abaumannii	Abaumannii_200_rep10	200	10	0	2.0750000000000455	200	0	1159	3399	16.995	2240	405
Abaumannii	Abaumannii_200_rep2	200	2	0	2.0720000000001164	200	0	1156	3359	16.795	2203	405
Abaumannii	Abaumannii_200_rep3	200	3	0	2.1690000000000964	200	0	1151	3315	16.575	2164	405
Abaumannii	Abaumannii_200_rep4	200	4	0	2.0520000000001346	200	0	1126	3258	16.29	2132	405
Abaumannii	Abaumannii_200_rep5	200	5	0	2.0249999999998636	200	0	1140	3229	16.145	2089	405
Abaumannii	Abaumannii_200_rep6	200	6	0	2.0830000000000837	200	0	1146	3335	16.675	2189	405
Abaumannii	Abaumannii_200_rep7	200	7	0	2.035000000000082	200	0	1158	3258	16.29	2100	405
Abaumannii	Abaumannii_200_rep8	200	8	0	2.0540000000000873	200	0	1131	3311	16.555	2180	405
Abaumannii	Abaumannii_200_rep9	200	9	0	2.004000000000133	200	0	1138	3113	15.565	1975	405
Abaumannii	Abaumannii_2000_rep1	2000	1	0	5.0629999999998745	2000	0	11401	32589	16.2945	21188	405
Abaumannii	Abaumannii_2000_rep10	2000	10	0	5.063000000000102	2000	0	11422	32712	16.356	21290	405
Abaumannii	Abaumannii_2000_rep2	2000	2	0	5.087999999999965	2000	0	11424	32709	16.3545	21285	405
Abaumannii	Abaumannii_2000_rep3	2000	3	0	5.067999999999984	2000	0	11469	32733	16.3665	21264	405
Abaumannii	Abaumannii_2000_rep4	2000	4	0	5.083999999999833	2000	0	11443	32764	16.382	21321	405
Abaumannii	Abaumannii_2000_rep5	2000	5	0	5.045999999999822	2000	0	11421	32627	16.3135	21206	405
Abaumannii	Abaumannii_2000_rep6	2000	6	0	5.027000000000044	2000	0	11444	32931	16.4655	21487	405
Abaumannii	Abaumannii_2000_rep7	2000	7	0	5.113000000000056	2000	0	11355	32387	16.1935	21032	405
Abaumannii	Abaumannii_2000_rep8	2000	8	0	5.087999999999965	2000	0	11450	32902	16.451	21452	405
Abaumannii	Abaumannii_2000_rep9	2000	9	0	5.0060000000000855	2000	0	11392	32550	16.275	21158	405
Abaumannii	Abaumannii_500_rep1	500	1	0	2.5179999999998017	500	0	2850	8199	16.398	5349	405
Abaumannii	Abaumannii_500_rep10	500	10	0	2.5450000000000728	500	0	2888	8325	16.65	5437	405
Abaumannii	Abaumannii_500_rep2	500	2	0	2.5520000000001346	500	0	2848	8146	16.292	5298	405
Abaumannii	Abaumannii_500_rep3	500	3	0	2.5319999999999254	500	0	2859	8245	16.49	5386	405
Abaumannii	Abaumannii_500_rep4	500	4	0	2.5420000000001437	500	0	2835	8182	16.364	5347	405
Abaumannii	Abaumannii_500_rep5	500	5	0	2.56899999999996	500	0	2862	8175	16.35	5313	405
Abaumannii	Abaumannii_500_rep6	500	6	0	2.5329999999999018	500	0	2840	8167	16.334	5327	405
Abaumannii	Abaumannii_500_rep7	500	7	0	2.533000000000129	500	0	2872	8332	16.664	5460	405
Abaumannii	Abaumannii_500_rep8	500	8	0	2.5090000000000146	500	0	2837	8246	16.492	5409	405
Abaumannii	Abaumannii_500_rep9	500	9	0	2.576000000000022	500	0	2879	8250	16.5	5371	405
Abaumannii	Abaumannii_5000_rep1	5000	1	0	10.312999999999874	5000	0	28586	82056	16.4112	53470	405
Abaumannii	Abaumannii_5000_rep10	5000	10	0	10.394000000000004	5000	0	28552	81527	16.3054	52975	405
Abaumannii	Abaumannii_5000_rep2	5000	2	0	10.404999999999973	5000	0	28544	81582	16.3164	53038	405
Abaumannii	Abaumannii_5000_rep3	5000	3	0	10.486999999999853	5000	0	28630	82648	16.5296	54018	405
Abaumannii	Abaumannii_5000_rep4	5000	4	0	10.435000000000173	5000	0	28634	81877	16.3754	53243	405
Abaumannii	Abaumannii_5000_rep5	5000	5	0	10.548000000000002	5000	0	28596	82150	16.43	53554	405
Abaumannii	Abaumannii_5000_rep6	5000	6	0	10.538000000000013	5000	0	28606	81893	16.3786	53287	405
Abaumannii	Abaumannii_5000_rep7	5000	7	0	10.375	5000	0	28581	81543	16.3086	52962	405
Abaumannii	Abaumannii_5000_rep8	5000	8	0	10.754000000000133	5000	0	28657	82247	16.4494	53590	405
Abaumannii	Abaumannii_5000_rep9	5000	9	0	10.368999999999916	5000	0	28606	82873	16.5746	54267	405
Kpneumoniae	Kpneumoniae_100_rep1	100	1	0	1.9829999999992651	100	0	384	1444	14.44	1060	6
Kpneumoniae	Kpneumoniae_100_rep10	100	10	0	1.7390000000004875	100	0	372	1760	17.6	1388	6
Kpneumoniae	Kpneumoniae_100_rep2	100	2	0	1.7800000000006548	100	0	375	1638	16.38	1263	6
Kpneumoniae	Kpneumoniae_100_rep3	100	3	0	1.751999999999498	100	0	387	1590	15.9	1203	6
Kpneumoniae	Kpneumoniae_100_rep4	100	4	0	1.7290000000002692	100	0	385	1620	16.2	1235	6
Kpneumoniae	Kpneumoniae_100_rep5	100	5	0	1.8270000000002256	100	0	378	1506	15.06	1128	6
Kpneumoniae	Kpneumoniae_100_rep6	100	6	0	1.8789999999999056	100	0	390	1668	16.68	1278	6
Kpneumoniae	Kpneumoniae_100_rep7	100	7	0	1.7950000000000728	100	0	389	1560	15.6	1171	6
Kpneumoniae	Kpneumoniae_100_rep8	100	8	0	1.905999999999949	100	0	383	1598	15.98	1215	6
Kpneumoniae	Kpneumoniae_100_rep9	100	9	0	1.8429999999998472	100	0	387	1585	15.85	1198	6
Kpneumoniae	Kpneumoniae_1000_rep1	1000	1	0	2.470999999999549	1000	0	3802	16101	16.101	12299	6
Kpneumoniae	Kpneumoniae_1000_rep10	1000	10	0	2.219999999999345	1000	0	3781	15708	15.708	11927	6
Kpneumoniae	Kpneumoniae_1000_rep2	1000	2	0	2.261999999999716	1000	0	3821	16493	16.493	12672	6
Kpneumoniae	Kpneumoniae_1000_rep3	1000	3	0	2.270999999999731	1000	0	3830	15813	15.813	11983	6
Kpneumoniae	Kpneumoniae_1000_rep4	1000	4	0	2.2580000000007203	1000	0	3815	15710	15.71	11895	6
Kpneumoniae	Kpneumoniae_1000_rep5	1000	5	0	2.2089999999998327	1000	0	3795	16078	16.078	12283	6
Kpneumoniae	Kpneumoniae_1000_rep6	1000	6	0	2.2750000000005457	1000	0	3817	15886	15.886	12069	6
Kpneumoniae	Kpneumoniae_1000_rep7	1000	7	0	2.2789999999995416	1000	0	3805	16203	16.203	12398	6
Kpneumoniae	Kpneumoniae_1000_rep8	1000	8	0	2.212999999999738	1000	0	3835	15987	15.987	12152	6
Kpneumoniae	Kpneumoniae_1000_rep9	1000	9	0	2.2770000000000437	1000	0	3788	15845	15.845	12057	6
Kpneumoniae	Kpneumoniae_10000_rep1	10000	1	0	8.938000000000102	10000	0	38085	159996	15.9996	121911	6
Kpneumoniae	Kpneumoniae_10000_rep10	10000	10	0	8.96099999999933	10000	0	38054	158653	15.8653	120599	6
Kpneumoniae	Kpneumoniae_10000_rep2	10000	2	0	8.985999999999876	10000	0	38078	159617	15.9617	121539	6
Kpneumoniae	Kpneumoniae_10000_rep3	10000	3	0	8.925999999999476	10000	0	38108	159422	15.9422	121314	6
Kpneumoniae	Kpneumoniae_10000_rep4	10000	4	0	9.050000000000182	10000	0	38030	160105	16.0105	122075	6
Kpneumoniae	Kpneumoniae_10000_rep5	10000	5	0	9.101000000000568	10000	0	37966	159987	15.9987	122021	6
Kpneumoniae	Kpneumoniae_10000_rep6	10000	6	0	9.009000000000016	10000	0	38103	159259	15.9259	121156	6
Kpneumoniae	Kpneumoniae_10000_rep7	10000	7	0	8.975999999999658	10000	0	38122	158917	15.8917	120795	6
Kpneumoniae	Kpneumoniae_10000_rep8	10000	8	0	9.020000000000437	10000	0	38116	159338	15.9338	121222	6
Kpneumoniae	Kpneumoniae_10000_rep9	10000	9	0	9.01300000000083	10000	0	38091	160505	16.0505	122414	6
Kpneumoniae	Kpneumoniae_200_rep1	200	1	0	1.8469999999997528	200	0	775	3488	17.44	2713	6
Kpneumoniae	Kpneumoniae_200_rep10	200	10	0	1.7950000000000728	200	0	761	3196	15.98	2435	6
Kpneumoniae	Kpneumoniae_200_rep2	200	2	0	1.805000000000291	200	0	752	3072	15.36	2320	6
Kpneumoniae	Kpneumoniae_200_rep3	200	3	0	1.8859999999995125	200	0	769	3177	15.885	2408	6
Kpneumoniae	Kpneumoniae_200_rep4	200	4	0	1.8170000000000073	200	0	769	3152	15.76	2383	6
Kpneumoniae	Kpneumoniae_200_rep5	200	5	0	1.8760000000002035	200	0	767	3204	16.02	2437	6
Kpneumoniae	Kpneumoniae_200_rep6	200	6	0	1.7520000000004077	200	0	757	3142	15.71	2385	6
Kpneumoniae	Kpneumoniae_200_rep7	200	7	0	1.8029999999998836	200	0	758	3086	15.43	2328	6
Kpneumoniae	Kpneumoniae_200_rep8	200	8	0	1.811999999999898	200	0	751	3291	16.455	2540	6
Kpneumoniae	Kpneumoniae_200_rep9	200	9	0	1.7950000000000728	200	0	775	3056	15.28	2281	6
Kpneumoniae	Kpneumoniae_2000_rep1	2000	1	0	2.962999999999738	2000	0	7636	32153	16.0765	24517	6
Kpneumoniae	Kpneumoniae_2000_rep10	2000	10	0	2.9080000000003565	2000	0	7609	32130	16.065	24521	6
Kpneumoniae	Kpneumoniae_2000_rep2	2000	2	0	2.944999999999709	2000	0	7617	31983	15.9915	24366	6
Kpneumoniae	Kpneumoniae_2000_rep3	2000	3	0	2.9459999999999127	2000	0	7566	32316	16.158	24750	6
Kpneumoniae	Kpneumoniae_2000_rep4	2000	4	0	2.905999999999949	2000	0	7610	31675	15.8375	24065	6
Kpneumoniae	Kpneumoniae_2000_rep5	2000	5	0	2.9729999999999563	2000	0	7634	32220	16.11	24586	6
Kpneumoniae	Kpneumoniae_2000_rep6	2000	6	0	2.9030000000002474	2000	0	7630	31969	15.9845	24339	6
Kpneumoniae	Kpneumoniae_2000_rep7	2000	7	0	2.992000000000189	2000	0	7618	31775	15.8875	24157	6
Kpneumoniae	Kpneumoniae_2000_rep8	2000	8	0	2.956999999999425	2000	0	7628	31969	15.9845	24341	6
Kpneumoniae	Kpneumoniae_2000_rep9	2000	9	0	2.9190000000007785	2000	0	7573	32195	16.0975	24622	6
Kpneumoniae	Kpneumoniae_500_rep1	500	1	0	1.9960000000000944	500	0	1893	8114	16.228	6221	6
Kpneumoniae	Kpneumoniae_500_rep10	500	10	0	1.9979999999995923	500	0	1918	7855	15.71	5937	6
Kpneumoniae	Kpneumoniae_500_rep2	500	2	0	1.967000000000553	500	0	1908	7882	15.764	5974	6
Kpneumoniae	Kpneumoniae_500_rep3	500	3	0	1.969000000000051	500	0	1889	7853	15.706	5964	6
Kpneumoniae	Kpneumoniae_500_rep4	500	4	0	1.9660000000003492	500	0	1893	7931	15.862	6038	6
Kpneumoniae	Kpneumoniae_500_rep5	500	5	0	1.98700000000008	500	0	1913	8039	16.078	6126	6
Kpneumoniae	Kpneumoniae_500_rep6	500	6	0	1.9150000000008731	500	0	1903	7895	15.79	5992	6
Kpneumoniae	Kpneumoniae_500_rep7	500	7	0	1.9420000000000073	500	0	1913	7629	15.258	5716	6
Kpneumoniae	Kpneumoniae_500_rep8	500	8	0	1.9489999999996144	500	0	1895	7768	15.536	5873	6
Kpneumoniae	Kpneumoniae_500_rep9	500	9	0	1.9549999999999272	500	0	1907	8134	16.268	6227	6
Kpneumoniae	Kpneumoniae_5000_rep1	5000	1	0	5.218000000000757	5000	0	19015	80926	16.1852	61911	6
Kpneumoniae	Kpneumoniae_5000_rep10	5000	10	0	5.244000000000597	5000	0	19039	79925	15.985	60886	6
Kpneumoniae	Kpneumoniae_5000_rep2	5000	2	0	5.189000000000306	5000	0	19025	80084	16.0168	61059	6
Kpneumoniae	Kpneumoniae_5000_rep3	5000	3	0	5.242999999999483	5000	0	19016	80215	16.043	61199	6
Kpneumoniae	Kpneumoniae_5000_rep4	5000	4	0	5.417000000000371	5000	0	19046	80387	16.0774	61341	6
Kpneumoniae	Kpneumoniae_5000_rep5	5000	5	0	5.3100000000004	5000	0	19039	80551	16.1102	61512	6
Kpneumoniae	Kpneumoniae_5000_rep6	5000	6	0	5.1850000000004	5000	0	19061	80131	16.0262	61070	6
Kpneumoniae	Kpneumoniae_5000_rep7	5000	7	0	5.207999999999629	5000	0	18992	80443	16.0886	61451	6
Kpneumoniae	Kpneumoniae_5000_rep8	5000	8	0	5.128999999999905	5000	0	19001	78850	15.77	59849	6
Kpneumoniae	Kpneumoniae_5000_rep9	5000	9	0	5.193999999999505	5000	0	19096	79422	15.8844	60326	6
Efaecalis	Efaecalis_100_rep1	100	1	0	1.978000000000975	100	0	100	514	5.14	414	50
Efaecalis	Efaecalis_100_rep10	100	10	0	1.7360000000007858	100	0	99	490	4.9	391	50
Efaecalis	Efaecalis_100_rep2	100	2	0	1.7329999999983556	100	0	100	436	4.36	336	50
Efaecalis	Efaecalis_100_rep3	100	3	0	1.731999999999971	100	0	100	420	4.2	320	50
Efaecalis	Efaecalis_100_rep4	100	4	0	1.738999999999578	100	0	99	485	4.85	386	50
Efaecalis	Efaecalis_100_rep5	100	5	0	1.753999999998996	100	0	99	533	5.33	434	50
Efaecalis	Efaecalis_100_rep6	100	6	0	1.7489999999997965	100	0	98	470	4.7	372	50
Efaecalis	Efaecalis_100_rep7	100	7	0	1.7369999999991703	100	0	100	486	4.86	386	50
Efaecalis	Efaecalis_100_rep8	100	8	0	1.727999999999156	100	0	100	531	5.31	431	50
Efaecalis	Efaecalis_100_rep9	100	9	0	1.7260000000005675	100	0	98	479	4.79	381	50
Efaecalis	Efaecalis_1000_rep1	1000	1	0	2.018999999998414	1000	0	993	5021	5.021	4028	50
Efaecalis	Efaecalis_1000_rep10	1000	10	0	1.944000000001324	1000	0	987	4681	4.681	3694	50
Efaecalis	Efaecalis_1000_rep2	1000	2	0	1.9179999999996653	1000	0	991	4826	4.826	3835	50
Efaecalis	Efaecalis_1000_rep3	1000	3	0	1.9429999999993015	1000	0	986	4818	4.818	3832	50
Efaecalis	Efaecalis_1000_rep4	1000	4	0	1.9200000000000728	1000	0	990	4811	4.811	3821	50
Efaecalis	Efaecalis_1000_rep5	1000	5	0	2.212999999999738	1000	0	988	4934	4.934	3946	50
Efaecalis	Efaecalis_1000_rep6	1000	6	0	1.992999999998574	1000	0	989	4983	4.983	3994	50
Efaecalis	Efaecalis_1000_rep7	1000	7	0	1.9760000000005675	999	0	985	4918	4.922922922922923	3933	50
Efaecalis	Efaecalis_1000_rep8	1000	8	0	1.97400000000016	1000	0	992	4781	4.781	3789	50
Efaecalis	Efaecalis_1000_rep9	1000	9	0	1.9610000000011496	1000	0	990	4776	4.776	3786	50
Efaecalis	Efaecalis_200_rep1	200	1	0	1.798000000000684	200	0	197	1027	5.135	830	50
Efaecalis	Efaecalis_200_rep10	200	10	0	1.7839999999996508	200	0	198	919	4.595	721	50
Efaecalis	Efaecalis_200_rep2	200	2	0	1.7849999999998545	200	0	199	945	4.725	746	50
Efaecalis	Efaecalis_200_rep3	200	3	0	1.815999999998894	200	0	200	930	4.65	730	50
Efaecalis	Efaecalis_200_rep4	200	4	0	1.805000000000291	200	0	198	880	4.4	682	50
Efaecalis	Efaecalis_200_rep5	200	5	0	1.7619999999988067	200	0	197	945	4.725	748	50
Efaecalis	Efaecalis_200_rep6	200	6	0	1.787000000000262	200	0	200	971	4.855	771	50
Efaecalis	Efaecalis_200_rep7	200	7	0	1.826999999999316	200	0	198	941	4.705	743	50
Efaecalis	Efaecalis_200_rep8	200	8	0	1.9089999999996508	200	0	198	912	4.56	714	50
Efaecalis	Efaecalis_200_rep9	200	9	0	1.8829999999998108	200	0	192	952	4.76	760	50
Efaecalis	Efaecalis_2000_rep1	2000	1	0	2.2739999999994325	2000	0	1977	9909	4.9545	7932	50
Efaecalis	Efaecalis_2000_rep10	2000	10	0	2.2950000000000728	2000	0	1979	9605	4.8025	7626	50
Efaecalis	Efaecalis_2000_rep2	2000	2	0	2.2710000000006403	2000	0	1983	9682	4.841	7699	50
Efaecalis	Efaecalis_2000_rep3	2000	3	0	2.323999999998705	2000	0	1985	9494	4.747	7509	50
Efaecalis	Efaecalis_2000_rep4	2000	4	0	2.32300000000032	2000	0	1986	9899	4.9495	7913	50
Efaecalis	Efaecalis_2000_rep5	2000	5	0	2.3070000000006985	2000	0	1978	9712	4.856	7734	50
Efaecalis	Efaecalis_2000_rep6	2000	6	0	2.312000000001717	2000	0	1980	9718	4.859	7738	50
Efaecalis	Efaecalis_2000_rep7	2000	7	0	2.2510000000002037	2000	0	1982	9857	4.9285	7875	50
Efaecalis	Efaecalis_2000_rep8	2000	8	0	2.300999999999476	2000	0	1981	9388	4.694	7407	50
Efaecalis	Efaecalis_2000_rep9	2000	9	0	2.2670000000016444	2000	0	1977	9596	4.798	7619	50
Efaecalis	Efaecalis_500_rep1	500	1	0	2.029999999998836	500	0	499	2457	4.914	1958	50
Efaecalis	Efaecalis_500_rep10	500	10	0	2.1679999999996653	500	0	494	2714	5.428	2220	50
Efaecalis	Efaecalis_500_rep2	500	2	0	1.9479999999985012	500	0	497	2275	4.55	1778	50
Efaecalis	Efaecalis_500_rep3	500	3	0	1.8989999999994325	499	0	497	2514	5.038076152304609	2017	50
Efaecalis	Efaecalis_500_rep4	500	4	0	1.923999999999069	500	0	497	2364	4.728	1867	50
Efaecalis	Efaecalis_500_rep5	500	5	0	1.9989999999997965	500	0	494	2381	4.762	1887	50
Efaecalis	Efaecalis_500_rep6	500	6	0	1.8959999999988213	500	0	494	2330	4.66	1836	50
Efaecalis	Efaecalis_500_rep7	500	7	0	1.930000000000291	500	0	498	2666	5.332	2168	50
Efaecalis	Efaecalis_500_rep8	500	8	0	1.9329999999990832	500	0	497	2469	4.938	1972	50
Efaecalis	Efaecalis_500_rep9	500	9	0	1.9030000000002472	500	0	498	2346	4.692	1848	50
Efaecalis	Efaecalis_5000_rep1	5000	1	0	3.020000000000437	5000	0	4956	24375	4.875	19419	50
Efaecalis	Efaecalis_5000_rep10	5000	10	0	3.108000000000174	5000	0	4947	24565	4.913	19618	50
Efaecalis	Efaecalis_5000_rep2	5000	2	0	2.979999999999563	5000	0	4955	24385	4.877	19430	50
Efaecalis	Efaecalis_5000_rep3	5000	3	0	2.962999999999738	5000	0	4941	24372	4.8744	19431	50
Efaecalis	Efaecalis_5000_rep4	5000	4	0	2.8960000000006403	5000	0	4940	24467	4.8934	19527	50
Efaecalis	Efaecalis_5000_rep5	5000	5	0	2.9239999999990687	5000	0	4950	24405	4.881	19455	50
Efaecalis	Efaecalis_5000_rep6	5000	6	0	2.985000000000582	5000	0	4948	24304	4.8608	19356	50
Efaecalis	Efaecalis_5000_rep7	5000	7	0	2.9320000000006985	5000	0	4950	24556	4.9112	19606	50
Efaecalis	Efaecalis_5000_rep8	5000	8	0	3.1669999999994616	5000	0	4947	24261	4.8522	19314	50
Efaecalis	Efaecalis_5000_rep9	5000	9	0	3.1309999999994034	5000	0	4954	24315	4.863	19361	50
Efaecium	Efaecium_100_rep1	100	1	0	1.9949999999989816	100	0	195	1929	19.29	1734	27
Efaecium	Efaecium_100_rep10	100	10	0	1.8069999999988795	100	0	200	1910	19.1	1710	27
Efaecium	Efaecium_100_rep2	100	2	0	1.7880000000004657	100	0	199	1921	19.21	1722	27
Efaecium	Efaecium_100_rep3	100	3	0	1.7839999999996508	100	0	198	1841	18.41	1643	27
Efaecium	Efaecium_100_rep4	100	4	0	1.7669999999998254	100	0	197	1734	17.34	1537	27
Efaecium	Efaecium_100_rep5	100	5	0	1.8389999999999416	100	0	199	1831	18.31	1632	27
Efaecium	Efaecium_100_rep6	100	6	0	1.819999999999709	100	0	197	1913	19.13	1716	27
Efaecium	Efaecium_100_rep7	100	7	0	1.8180000000011205	100	0	197	1897	18.97	1700	27
Efaecium	Efaecium_100_rep8	100	8	0	1.7860000000000582	100	0	198	1879	18.79	1681	27
Efaecium	Efaecium_100_rep9	100	9	0	1.8110000000015136	100	0	198	1870	18.7	1672	27
Efaecium	Efaecium_1000_rep1	1000	1	0	2.4350000000013097	1000	0	1982	18569	18.569	16587	27
Efaecium	Efaecium_1000_rep10	1000	10	0	2.390000000001237	1000	0	1981	18392	18.392	16411	27
Efaecium	Efaecium_1000_rep2	1000	2	0	2.3690000000005966	1000	0	1977	18265	18.265	16288	27
Efaecium	Efaecium_1000_rep3	1000	3	0	2.3660000000018044	1000	0	1979	18338	18.338	16359	27
Efaecium	Efaecium_1000_rep4	1000	4	0	2.4129999999986467	1000	0	1985	18850	18.85	16865	27
Efaecium	Efaecium_1000_rep5	1000	5	0	2.42699999999968	1000	0	1983	18590	18.59	16607	27
Efaecium	Efaecium_1000_rep6	1000	6	0	2.389999999999418	1000	0	1982	18836	18.836	16854	27
Efaecium	Efaecium_1000_rep7	1000	7	0	2.394000000000233	1000	0	1980	18793	18.793	16813	27
Efaecium	Efaecium_1000_rep8	1000	8	0	2.346000000001368	1000	0	1982	18640	18.64	16658	27
Efaecium	Efaecium_1000_rep9	1000	9	0	2.396999999999025	1000	0	1985	18517	18.517	16532	27
Efaecium	Efaecium_10000_rep1	10000	1	0	9.967000000000551	10000	0	19814	185183	18.5183	165369	27
Efaecium	Efaecium_10000_rep10	10000	10	0	10.034999999999854	10000	0	19822	186191	18.6191	166369	27
Efaecium	Efaecium_10000_rep2	10000	2	0	9.925999999999476	10000	0	19824	185869	18.5869	166045	27
Efaecium	Efaecium_10000_rep3	10000	3	0	10.003000000000611	10000	0	19815	186279	18.6279	166464	27
Efaecium	Efaecium_10000_rep4	10000	4	0	10.06500000000051	10000	0	19814	185967	18.5967	166153	27
Efaecium	Efaecium_10000_rep5	10000	5	0	9.962999999999738	10000	0	19824	186224	18.6224	166400	27
Efaecium	Efaecium_10000_rep6	10000	6	0	10.011000000000422	10000	0	19826	186484	18.6484	166658	27
Efaecium	Efaecium_10000_rep7	10000	7	0	9.930000000000293	10000	0	19828	184836	18.4836	165008	27
Efaecium	Efaecium_10000_rep8	10000	8	0	10.676000000001295	10000	0	19816	185448	18.5448	165632	27
Efaecium	Efaecium_10000_rep9	10000	9	0	10.618000000000391	10000	0	19831	185716	18.5716	165885	27
Efaecium	Efaecium_200_rep1	200	1	0	1.952000000001135	200	0	392	3793	18.965	3401	27
Efaecium	Efaecium_200_rep10	200	10	0	1.90099999999984	200	0	395	3665	18.325	3270	27
Efaecium	Efaecium_200_rep2	200	2	0	1.923999999999069	200	0	395	3743	18.715	3348	27
Efaecium	Efaecium_200_rep3	200	3	0	1.9830000000001744	200	0	397	3870	19.35	3473	27
Efaecium	Efaecium_200_rep4	200	4	0	1.934999999999491	200	0	397	3671	18.355	3274	27
Efaecium	Efaecium_200_rep5	200	5	0	1.923999999999069	200	0	397	3832	19.16	3435	27
Efaecium	Efaecium_200_rep6	200	6	0	1.936999999999898	200	0	396	3799	18.995	3403	27
Efaecium	Efaecium_200_rep7	200	7	0	2.013999999999214	200	0	398	3931	19.655	3533	27
Efaecium	Efaecium_200_rep8	200	8	0	1.9439999999995052	200	0	398	3680	18.4	3282	27
Efaecium	Efaecium_200_rep9	200	9	0	1.936999999999898	200	0	397	3665	18.325	3268	27
Efaecium	Efaecium_2000_rep1	2000	1	0	3.308999999999287	2000	0	3954	37264	18.632	33310	27
Efaecium	Efaecium_2000_rep10	2000	10	0	3.3299999999999272	2000	0	3963	37268	18.634	33305	27
Efaecium	Efaecium_2000_rep2	2000	2	0	3.283000000001266	2000	0	3962	36926	18.463	32964	27
Efaecium	Efaecium_2000_rep3	2000	3	0	3.3870000000006257	2000	0	3972	37340	18.67	33368	27
Efaecium	Efaecium_2000_rep4	2000	4	0	3.3220000000001164	2000	0	3966	37184	18.592	33218	27
Efaecium	Efaecium_2000_rep5	2000	5	0	3.355999999999767	2000	0	3961	37151	18.5755	33190	27
Efaecium	Efaecium_2000_rep6	2000	6	0	3.311999999999898	2000	0	3959	36889	18.4445	32930	27
Efaecium	Efaecium_2000_rep7	2000	7	0	3.282999999999447	2000	0	3959	36930	18.465	32971	27
Efaecium	Efaecium_2000_rep8	2000	8	0	3.227999999999156	2000	0	3964	37296	18.648	33332	27
Efaecium	Efaecium_2000_rep9	2000	9	0	3.2440000000005966	2000	0	3965	37310	18.655	33345	27
Efaecium	Efaecium_500_rep1	500	1	0	2.0979999999999563	500	0	991	9277	18.554	8286	27
Efaecium	Efaecium_500_rep10	500	10	0	2.0500000000010914	500	0	987	9461	18.922	8474	27
Efaecium	Efaecium_500_rep2	500	2	0	2.0750000000007276	500	0	992	9348	18.696	8356	27
Efaecium	Efaecium_500_rep3	500	3	0	2.1039999999993597	500	0	996	9139	18.278	8143	27
Efaecium	Efaecium_500_rep4	500	4	0	2.07300000000032	500	0	997	9350	18.7	8353	27
Efaecium	Efaecium_500_rep5	500	5	0	2.1239999999997963	500	0	995	9273	18.546	8278	27
Efaecium	Efaecium_500_rep6	500	6	0	2.1299999999991996	500	0	996	9489	18.978	8493	27
Efaecium	Efaecium_500_rep7	500	7	0	2.0820000000003347	500	0	994	9272	18.544	8278	27
Efaecium	Efaecium_500_rep8	500	8	0	2.102999999999156	500	0	993	9099	18.198	8106	27
Efaecium	Efaecium_500_rep9	500	9	0	2.0609999999996944	500	0	992	9204	18.408	8212	27
Efaecium	Efaecium_5000_rep1	5000	1	0	5.6379999999990105	5000	0	9904	92499	18.4998	82595	27
Efaecium	Efaecium_5000_rep10	5000	10	0	5.6819999999988795	5000	0	9916	92732	18.5464	82816	27
Efaecium	Efaecium_5000_rep2	5000	2	0	5.683000000000902	5000	0	9913	93020	18.604	83107	27
Efaecium	Efaecium_5000_rep3	5000	3	0	5.621999999999389	5000	0	9918	92817	18.5634	82899	27
Efaecium	Efaecium_5000_rep4	5000	4	0	5.625	5000	0	9921	93063	18.6126	83142	27
Efaecium	Efaecium_5000_rep5	5000	5	0	5.690000000000509	5000	0	9914	92215	18.443	82301	27
Efaecium	Efaecium_5000_rep6	5000	6	0	5.759999999998399	5000	0	9912	92643	18.5286	82731	27
Efaecium	Efaecium_5000_rep7	5000	7	0	5.706000000000131	5000	0	9913	93155	18.631	83242	27
Efaecium	Efaecium_5000_rep8	5000	8	0	5.644000000000233	5000	0	9920	92714	18.5428	82794	27
Efaecium	Efaecium_5000_rep9	5000	9	0	5.6710000000002765	5000	0	9923	93014	18.6028	83091	27
Senterica	Senterica_100_rep1	100	1	0	1.8299999999999272	91	0	152	441	4.846153846153846	289	2
Senterica	Senterica_100_rep10	100	10	0	1.7089999999998329	93	0	161	479	5.150537634408602	318	2
Senterica	Senterica_100_rep2	100	2	0	1.7130000000006476	96	0	158	497	5.177083333333333	339	2
Senterica	Senterica_100_rep3	100	3	0	1.7339999999994689	95	0	168	514	5.410526315789474	346	2
Senterica	Senterica_100_rep4	100	4	0	1.7309999999997672	91	0	156	414	4.549450549450549	258	2
Senterica	Senterica_100_rep5	100	5	0	1.7719999999999343	96	0	165	537	5.59375	372	2
Senterica	Senterica_100_rep6	100	6	0	1.7550000000001091	93	0	179	465	5	286	2
Senterica	Senterica_100_rep7	100	7	0	1.7219999999997526	94	0	156	423	4.5	267	2
Senterica	Senterica_100_rep8	100	8	0	1.7409999999999854	93	0	168	493	5.301075268817204	325	2
Senterica	Senterica_100_rep9	100	9	0	1.7330000000001746	94	0	164	398	4.23404255319149	234	2
Senterica	Senterica_1000_rep1	1000	1	0	2.108000000000174	925	0	1617	4544	4.912432432432432	2927	2
Senterica	Senterica_1000_rep10	1000	10	0	2.0989999999992506	910	0	1617	4507	4.952747252747253	2890	2
Senterica	Senterica_1000_rep2	1000	2	0	2.1840000000001965	915	0	1612	4348	4.751912568306011	2736	2
Senterica	Senterica_1000_rep3	1000	3	0	2.201000000000022	930	0	1622	4599	4.945161290322581	2977	2
Senterica	Senterica_1000_rep4	1000	4	0	2.1500000000005457	936	0	1664	4752	5.076923076923077	3088	2
Senterica	Senterica_1000_rep5	1000	5	0	2.087999999999738	936	0	1611	4421	4.723290598290598	2810	2
Senterica	Senterica_1000_rep6	1000	6	0	2.089999999999236	934	0	1642	4871	5.215203426124197	3229	2
Senterica	Senterica_1000_rep7	1000	7	0	2.063000000000102	922	0	1626	4635	5.0271149674620395	3009	2
Senterica	Senterica_1000_rep8	1000	8	0	2.07299999999941	934	0	1649	4469	4.784796573875803	2820	2
Senterica	Senterica_1000_rep9	1000	9	0	2.045999999999367	924	0	1600	4500	4.87012987012987	2900	2
Senterica	Senterica_10000_rep1	10000	1	0	6.981999999999971	9306	0	16356	45839	4.925746830002149	29483	2
Senterica	Senterica_10000_rep10	10000	10	0	6.943000000000211	9299	0	16304	45904	4.936444779008496	29600	2
Senterica	Senterica_10000_rep2	10000	2	0	6.941000000000713	9296	0	16320	46019	4.950408777969019	29699	2
Senterica	Senterica_10000_rep3	10000	3	0	6.912999999999556	9289	0	16304	45858	4.93680697599311	29554	2
Senterica	Senterica_10000_rep4	10000	4	0	6.880000000000109	9290	0	16273	46046	4.956512378902045	29773	2
Senterica	Senterica_10000_rep5	10000	5	0	6.860000000000582	9298	0	16296	45813	4.927188642718864	29517	2
Senterica	Senterica_10000_rep6	10000	6	0	6.882999999999811	9283	0	16299	46027	4.958203167079608	29728	2
Senterica	Senterica_10000_rep7	10000	7	0	6.863000000000284	9299	0	16316	45933	4.939563393913324	29617	2
Senterica	Senterica_10000_rep8	10000	8	0	6.9320000000006985	9296	0	16341	45792	4.925989672977625	29451	2
Senterica	Senterica_10000_rep9	10000	9	0	7.364000000000488	9304	0	16317	46059	4.950451418744626	29742	2
Senterica	Senterica_200_rep1	200	1	0	1.8590000000003783	190	0	335	921	4.847368421052631	586	2
Senterica	Senterica_200_rep10	200	10	0	1.88799999999992	178	0	309	877	4.926966292134831	568	2
Senterica	Senterica_200_rep2	200	2	0	1.9179999999996653	193	0	336	986	5.108808290155441	650	2
Senterica	Senterica_200_rep3	200	3	0	1.9600000000000364	190	0	333	906	4.768421052631579	573	2
Senterica	Senterica_200_rep4	200	4	0	1.92200000000048	186	0	324	960	5.161290322580645	636	2
Senterica	Senterica_200_rep5	200	5	0	1.9099999999998545	186	0	337	896	4.817204301075269	559	2
Senterica	Senterica_200_rep6	200	6	0	1.881999999999607	189	0	341	918	4.857142857142857	577	2
Senterica	Senterica_200_rep7	200	7	0	1.8250000000007276	190	0	334	1075	5.657894736842105	741	2
Senterica	Senterica_200_rep8	200	8	0	1.824000000000524	182	0	317	948	5.208791208791209	631	2
Senterica	Senterica_200_rep9	200	9	0	1.86200000000008	188	0	330	1031	5.48404255319149	701	2
Senterica	Senterica_2000_rep1	2000	1	0	2.768000000000029	1852	0	3268	9198	4.966522678185745	5930	2
Senterica	Senterica_2000_rep10	2000	10	0	2.662999999999556	1863	0	3254	9442	5.068169618894257	6188	2
Senterica	Senterica_2000_rep2	2000	2	0	2.7269999999998618	1877	0	3251	9354	4.983484283431007	6103	2
Senterica	Senterica_2000_rep3	2000	3	0	2.793000000000575	1869	0	3258	9521	5.094168004280363	6263	2
Senterica	Senterica_2000_rep4	2000	4	0	2.7049999999999272	1866	0	3278	9388	5.031082529474812	6110	2
Senterica	Senterica_2000_rep5	2000	5	0	2.6840000000001965	1858	0	3241	9272	4.990312163616792	6031	2
Senterica	Senterica_2000_rep6	2000	6	0	2.82300000000032	1863	0	3298	9225	4.951690821256038	5927	2
Senterica	Senterica_2000_rep7	2000	7	0	2.7890000000006694	1859	0	3286	9474	5.096288327057557	6188	2
Senterica	Senterica_2000_rep8	2000	8	0	2.7580000000007203	1872	0	3271	9626	5.142094017094017	6355	2
Senterica	Senterica_2000_rep9	2000	9	0	2.6729999999997744	1852	0	3265	9260	5	5995	2
Senterica	Senterica_500_rep1	500	1	0	1.956000000000131	463	0	805	2365	5.107991360691145	1560	2
Senterica	Senterica_500_rep10	500	10	0	1.881999999999607	470	0	816	2469	5.253191489361702	1653	2
Senterica	Senterica_500_rep2	500	2	0	2.063000000000102	470	0	826	2356	5.012765957446809	1530	2
Senterica	Senterica_500_rep3	500	3	0	2.1229999999995925	461	0	771	2262	4.906724511930586	1491	2
Senterica	Senterica_500_rep4	500	4	0	2.0029999999997017	465	0	825	2203	4.73763440860215	1378	2
Senterica	Senterica_500_rep5	500	5	0	1.9650000000001455	469	0	841	2448	5.219616204690832	1607	2
Senterica	Senterica_500_rep6	500	6	0	1.9310000000004948	454	0	821	2297	5.059471365638767	1476	2
Senterica	Senterica_500_rep7	500	7	0	1.9260000000003856	460	0	804	2279	4.9543478260869565	1475	2
Senterica	Senterica_500_rep8	500	8	0	1.88799999999992	475	0	863	2337	4.92	1474	2
Senterica	Senterica_500_rep9	500	9	0	1.934999999999491	464	0	823	2377	5.122844827586207	1554	2
Senterica	Senterica_5000_rep1	5000	1	0	4.262000000000626	4648	0	8155	23476	5.050774526678141	15321	2
Senterica	Senterica_5000_rep10	5000	10	0	4.233999999999469	4644	0	8162	22919	4.935185185185185	14757	2
Senterica	Senterica_5000_rep2	5000	2	0	4.208000000000538	4667	0	8184	22747	4.874008999357189	14563	2
Senterica	Senterica_5000_rep3	5000	3	0	4.210000000000036	4637	0	8236	23299	5.024584860901445	15063	2
Senterica	Senterica_5000_rep4	5000	4	0	4.235999999999876	4661	0	8185	23227	4.98326539369234	15042	2
Senterica	Senterica_5000_rep5	5000	5	0	4.197999999999411	4638	0	8126	22863	4.929495472186288	14737	2
Senterica	Senterica_5000_rep6	5000	6	0	4.233000000000175	4649	0	8122	23143	4.9780597978059795	15021	2
Senterica	Senterica_5000_rep7	5000	7	0	4.296999999999571	4655	0	8082	22974	4.935338345864662	14892	2
Senterica	Senterica_5000_rep8	5000	8	0	4.171999999999571	4631	0	8048	22800	4.923342690563593	14752	2
Senterica	Senterica_5000_rep9	5000	9	0	4.188000000000102	4640	0	8179	22720	4.896551724137931	14541	2
Ecoli	Ecoli_100_rep1	100	1	0	1.804000000000087	100	0	97	1095	10.95	998	113
Ecoli	Ecoli_100_rep10	100	10	0	1.804000000000087	100	0	98	1059	10.59	961	113
Ecoli	Ecoli_100_rep2	100	2	0	1.785000000000764	100	0	96	1087	10.87	991	113
Ecoli	Ecoli_100_rep3	100	3	0	1.7989999999999782	100	0	97	1165	11.65	1068	113
Ecoli	Ecoli_100_rep4	100	4	0	1.7860000000000582	100	0	99	1157	11.57	1058	113
Ecoli	Ecoli_100_rep5	100	5	0	1.8079999999999927	100	0	97	1067	10.67	970	113
Ecoli	Ecoli_100_rep6	100	6	0	1.805000000000291	100	0	96	1114	11.14	1018	113
Ecoli	Ecoli_100_rep7	100	7	0	1.7659999999996217	100	0	99	1080	10.8	981	113
Ecoli	Ecoli_100_rep8	100	8	0	1.8090000000001965	100	0	97	1129	11.29	1032	113
Ecoli	Ecoli_100_rep9	100	9	0	1.7700000000004366	100	0	98	1000	10	902	113
Ecoli	Ecoli_1000_rep1	1000	1	0	2.555000000000291	1000	0	982	10532	10.532	9550	113
Ecoli	Ecoli_1000_rep10	1000	10	0	2.5369999999993524	1000	0	978	11140	11.14	10162	113
Ecoli	Ecoli_1000_rep2	1000	2	0	2.5720000000001164	1000	0	979	10939	10.939	9960	113
Ecoli	Ecoli_1000_rep3	1000	3	0	2.5419999999994616	1000	0	982	10970	10.97	9988	113
Ecoli	Ecoli_1000_rep4	1000	4	0	2.625	1000	0	981	10721	10.721	9740	113
Ecoli	Ecoli_1000_rep5	1000	5	0	2.542000000000371	1000	0	983	10833	10.833	9850	113
Ecoli	Ecoli_1000_rep6	1000	6	0	2.54700000000048	1000	0	983	10692	10.692	9709	113
Ecoli	Ecoli_1000_rep7	1000	7	0	2.5850000000000364	1000	0	980	10981	10.981	10001	113
Ecoli	Ecoli_1000_rep8	1000	8	0	2.6090000000003783	1000	0	980	10937	10.937	9957	113
Ecoli	Ecoli_1000_rep9	1000	9	0	2.519000000000233	1000	0	982	10553	10.553	9571	113
Ecoli	Ecoli_10000_rep1	10000	1	0	12.048000000000684	10000	0	9801	108800	10.88	98999	113
Ecoli	Ecoli_10000_rep10	10000	10	0	12.197000000000116	10000	0	9818	108701	10.8701	98883	113
Ecoli	Ecoli_10000_rep2	10000	2	0	12.038000000000466	10000	0	9827	108071	10.8071	98244	113
Ecoli	Ecoli_10000_rep3	10000	3	0	12.145000000000437	10000	0	9819	108145	10.8145	98326	113
Ecoli	Ecoli_10000_rep4	10000	4	0	12.0649999999996	10000	0	9819	108300	10.83	98481	113
Ecoli	Ecoli_10000_rep5	10000	5	0	12.009000000000016	10000	0	9806	107754	10.7754	97948	113
Ecoli	Ecoli_10000_rep6	10000	6	0	12.158000000000357	10000	0	9811	107971	10.7971	98160	113
Ecoli	Ecoli_10000_rep7	10000	7	0	12.210000000000036	10000	0	9804	108254	10.8254	98450	113
Ecoli	Ecoli_10000_rep8	10000	8	0	12.220999999999547	10000	0	9820	108514	10.8514	98694	113
Ecoli	Ecoli_10000_rep9	10000	9	0	12.21600000000035	10000	0	9802	108026	10.8026	98224	113
Ecoli	Ecoli_200_rep1	200	1	0	1.96599999999944	200	0	197	2144	10.72	1947	113
Ecoli	Ecoli_200_rep10	200	10	0	1.8609999999998763	200	0	193	2086	10.43	1893	113
Ecoli	Ecoli_200_rep2	200	2	0	1.8679999999994832	200	0	196	2236	11.18	2040	113
Ecoli	Ecoli_200_rep3	200	3	0	1.9549999999999272	200	0	198	2118	10.59	1920	113
Ecoli	Ecoli_200_rep4	200	4	0	1.9239999999999784	200	0	194	2072	10.36	1878	113
Ecoli	Ecoli_200_rep5	200	5	0	1.8740000000007055	200	0	198	2225	11.125	2027	113
Ecoli	Ecoli_200_rep6	200	6	0	1.8530000000000657	200	0	196	2206	11.03	2010	113
Ecoli	Ecoli_200_rep7	200	7	0	1.8640000000004875	200	0	197	2236	11.18	2039	113
Ecoli	Ecoli_200_rep8	200	8	0	1.8450000000002549	200	0	197	2217	11.085	2020	113
Ecoli	Ecoli_200_rep9	200	9	0	1.832999999999629	200	0	195	2188	10.94	1993	113
Ecoli	Ecoli_2000_rep1	2000	1	0	3.4989999999997963	2000	0	1956	21468	10.734	19512	113
Ecoli	Ecoli_2000_rep10	2000	10	0	3.5529999999998836	2000	0	1974	21768	10.884	19794	113
Ecoli	Ecoli_2000_rep2	2000	2	0	3.6700000000000728	2000	0	1969	21338	10.669	19369	113
Ecoli	Ecoli_2000_rep3	2000	3	0	3.738999999999578	2000	0	1966	22011	11.0055	20045	113
Ecoli	Ecoli_2000_rep4	2000	4	0	3.5969999999997526	2000	0	1962	21586	10.793	19624	113
Ecoli	Ecoli_2000_rep5	2000	5	0	3.706000000000131	2000	0	1971	21979	10.9895	20008	113
Ecoli	Ecoli_2000_rep6	2000	6	0	3.5590000000001965	2000	0	1962	21820	10.91	19858	113
Ecoli	Ecoli_2000_rep7	2000	7	0	3.488999999999578	2000	0	1955	21394	10.697	19439	113
Ecoli	Ecoli_2000_rep8	2000	8	0	3.6240000000007058	2000	0	1962	22506	11.253	20544	113
Ecoli	Ecoli_2000_rep9	2000	9	0	3.4439999999995052	2000	0	1966	21233	10.6165	19267	113
Ecoli	Ecoli_500_rep1	500	1	0	2.1030000000000655	500	0	490	5242	10.484	4752	113
Ecoli	Ecoli_500_rep10	500	10	0	2.144000000000233	500	0	493	5442	10.884	4949	113
Ecoli	Ecoli_500_rep2	500	2	0	2.1409999999996217	500	0	492	5235	10.47	4743	113
Ecoli	Ecoli_500_rep3	500	3	0	2.118999999999687	500	0	492	5337	10.674	4845	113
Ecoli	Ecoli_500_rep4	500	4	0	2.1409999999996217	500	0	486	5343	10.686	4857	113
Ecoli	Ecoli_500_rep5	500	5	0	2.136999999999716	500	0	485	5368	10.736	4883	113
Ecoli	Ecoli_500_rep6	500	6	0	2.194999999999709	500	0	491	5482	10.964	4991	113
Ecoli	Ecoli_500_rep7	500	7	0	2.1790000000000873	500	0	488	5582	11.164	5094	113
Ecoli	Ecoli_500_rep8	500	8	0	2.173999999999978	500	0	492	5394	10.788	4902	113
Ecoli	Ecoli_500_rep9	500	9	0	2.1840000000001965	500	0	480	5417	10.834	4937	113
Ecoli	Ecoli_5000_rep1	5000	1	0	6.9299999999993815	5000	0	4925	54278	10.8556	49353	113
Ecoli	Ecoli_5000_rep10	5000	10	0	6.850000000000364	5000	0	4916	53260	10.652	48344	113
Ecoli	Ecoli_5000_rep2	5000	2	0	6.878999999999905	5000	0	4895	53857	10.7714	48962	113
Ecoli	Ecoli_5000_rep3	5000	3	0	6.916999999999462	5000	0	4910	53731	10.7462	48821	113
Ecoli	Ecoli_5000_rep4	5000	4	0	6.962000000000444	5000	0	4898	54344	10.8688	49446	113
Ecoli	Ecoli_5000_rep5	5000	5	0	6.828000000000429	5000	0	4913	53731	10.7462	48818	113
Ecoli	Ecoli_5000_rep6	5000	6	0	6.856999999999971	5000	0	4897	54129	10.8258	49232	113
Ecoli	Ecoli_5000_rep7	5000	7	0	6.947999999999411	5000	0	4919	54091	10.8182	49172	113
Ecoli	Ecoli_5000_rep8	5000	8	0	6.943999999999505	5000	0	4905	53496	10.6992	48591	113
Ecoli	Ecoli_5000_rep9	5000	9	0	6.915999999999258	5000	0	4907	53908	10.7816	49001	113
Saureus	Saureus_100_rep1	100	1	0	1.8479999999999563	100	0	198	1045	10.45	847	63
Saureus	Saureus_100_rep10	100	10	0	1.7700000000004366	100	0	200	935	9.35	735	63
Saureus	Saureus_100_rep2	100	2	0	1.80199999999968	100	0	198	984	9.84	786	63
Saureus	Saureus_100_rep3	100	3	0	1.8840000000000143	100	0	197	1027	10.27	830	63
Saureus	Saureus_100_rep4	100	4	0	2.0120000000006257	100	0	199	1064	10.64	865	63
Saureus	Saureus_100_rep5	100	5	0	1.90099999999984	100	0	198	1101	11.01	903	63
Saureus	Saureus_100_rep6	100	6	0	1.8159999999998035	100	0	198	1134	11.34	936	63
Saureus	Saureus_100_rep7	100	7	0	1.806999999999789	100	0	198	1037	10.37	839	63
Saureus	Saureus_100_rep8	100	8	0	1.785000000000764	100	0	199	1013	10.13	814	63
Saureus	Saureus_100_rep9	100	9	0	1.829000000000633	100	0	199	1063	10.63	864	63
Saureus	Saureus_1000_rep1	1000	1	0	2.2559999999994034	1000	0	1983	10471	10.471	8488	63
Saureus	Saureus_1000_rep10	1000	10	0	2.238000000000284	1000	0	1988	10744	10.744	8756	63
Saureus	Saureus_1000_rep2	1000	2	0	2.2039999999997235	1000	0	1994	10577	10.577	8583	63
Saureus	Saureus_1000_rep3	1000	3	0	2.2089999999998327	1000	0	1984	10500	10.5	8516	63
Saureus	Saureus_1000_rep4	1000	4	0	2.196999999999207	1000	0	1987	10473	10.473	8486	63
Saureus	Saureus_1000_rep5	1000	5	0	2.199999999999818	1000	0	1992	10547	10.547	8555	63
Saureus	Saureus_1000_rep6	1000	6	0	2.1899999999996	1000	0	1992	9946	9.946	7954	63
Saureus	Saureus_1000_rep7	1000	7	0	2.21599999999944	1000	0	1984	10375	10.375	8391	63
Saureus	Saureus_1000_rep8	1000	8	0	2.1840000000001965	1000	0	1984	10329	10.329	8345	63
Saureus	Saureus_1000_rep9	1000	9	0	2.230999999999767	1000	0	1985	10308	10.308	8323	63
Saureus	Saureus_10000_rep1	10000	1	0	8.225000000000364	10000	0	19881	105358	10.5358	85477	63
Saureus	Saureus_10000_rep10	10000	10	0	8.21600000000035	10000	0	19888	105708	10.5708	85820	63
Saureus	Saureus_10000_rep2	10000	2	0	8.22400000000016	10000	0	19883	104658	10.4658	84775	63
Saureus	Saureus_10000_rep3	10000	3	0	8.253999999999905	10000	0	19871	105270	10.527	85399	63
Saureus	Saureus_10000_rep4	10000	4	0	8.28400000000056	10000	0	19871	105766	10.5766	85895	63
Saureus	Saureus_10000_rep5	10000	5	0	8.238999999999578	10000	0	19885	105649	10.5649	85764	63
Saureus	Saureus_10000_rep6	10000	6	0	8.162000000000262	10000	0	19897	105144	10.5144	85247	63
Saureus	Saureus_10000_rep7	10000	7	0	8.239999999999782	10000	0	19894	105411	10.5411	85517	63
Saureus	Saureus_10000_rep8	10000	8	0	8.175000000000182	10000	0	19875	105003	10.5003	85128	63
Saureus	Saureus_10000_rep9	10000	9	0	8.194000000000415	10000	0	19894	104804	10.4804	84910	63
Saureus	Saureus_200_rep1	200	1	0	1.7999999999992724	200	0	398	1996	9.98	1598	63
Saureus	Saureus_200_rep10	200	10	0	1.780999999999949	200	0	400	2048	10.24	1648	63
Saureus	Saureus_200_rep2	200	2	0	1.7799999999997451	200	0	397	2098	10.49	1701	63
Saureus	Saureus_200_rep3	200	3	0	1.837999999999738	200	0	399	2152	10.76	1753	63
Saureus	Saureus_200_rep4	200	4	0	1.8090000000001965	200	0	398	2039	10.195	1641	63
Saureus	Saureus_200_rep5	200	5	0	1.805000000000291	200	0	396	2017	10.085	1621	63
Saureus	Saureus_200_rep6	200	6	0	1.7830000000003563	200	0	397	2104	10.52	1707	63
Saureus	Saureus_200_rep7	200	7	0	1.7960000000002765	200	0	399	2093	10.465	1694	63
Saureus	Saureus_200_rep8	200	8	0	1.787000000000262	200	0	398	2171	10.855	1773	63
Saureus	Saureus_200_rep9	200	9	0	1.78899999999976	200	0	398	2088	10.44	1690	63
Saureus	Saureus_2000_rep1	2000	1	0	2.768000000000029	2000	0	3973	20976	10.488	17003	63
Saureus	Saureus_2000_rep10	2000	10	0	2.744999999999891	2000	0	3976	21008	10.504	17032	63
Saureus	Saureus_2000_rep2	2000	2	0	2.7539999999999054	2000	0	3977	20744	10.372	16767	63
Saureus	Saureus_2000_rep3	2000	3	0	2.7490000000007058	2000	0	3977	20922	10.461	16945	63
Saureus	Saureus_2000_rep4	2000	4	0	2.768000000000029	2000	0	3968	21005	10.5025	17037	63
Saureus	Saureus_2000_rep5	2000	5	0	2.7479999999995925	2000	0	3976	20740	10.37	16764	63
Saureus	Saureus_2000_rep6	2000	6	0	2.712000000000444	2000	0	3970	20950	10.475	16980	63
Saureus	Saureus_2000_rep7	2000	7	0	2.7710000000006403	2000	0	3979	21235	10.6175	17256	63
Saureus	Saureus_2000_rep8	2000	8	0	2.780999999999949	2000	0	3976	21226	10.613	17250	63
Saureus	Saureus_2000_rep9	2000	9	0	2.766000000000531	2000	0	3975	21058	10.529	17083	63
Saureus	Saureus_500_rep1	500	1	0	1.92699999999968	500	0	992	5148	10.296	4156	63
Saureus	Saureus_500_rep10	500	10	0	1.9650000000001455	500	0	992	5527	11.054	4535	63
Saureus	Saureus_500_rep2	500	2	0	1.9600000000000364	500	0	997	5411	10.822	4414	63
Saureus	Saureus_500_rep3	500	3	0	1.9310000000004948	500	0	994	5213	10.426	4219	63
Saureus	Saureus_500_rep4	500	4	0	1.9329999999999927	500	0	996	5355	10.71	4359	63
Saureus	Saureus_500_rep5	500	5	0	1.8780000000006112	500	0	990	5155	10.31	4165	63
Saureus	Saureus_500_rep6	500	6	0	1.936999999999898	500	0	997	5189	10.378	4192	63
Saureus	Saureus_500_rep7	500	7	0	1.945999999999913	500	0	996	5215	10.43	4219	63
Saureus	Saureus_500_rep8	500	8	0	1.918999999999869	500	0	995	5046	10.092	4051	63
Saureus	Saureus_500_rep9	500	9	0	1.9409999999998035	500	0	997	5094	10.188	4097	63
Saureus	Saureus_5000_rep1	5000	1	0	4.7280000000000655	5000	0	9936	52549	10.5098	42613	63
Saureus	Saureus_5000_rep10	5000	10	0	4.786000000000058	5000	0	9942	51855	10.371	41913	63
Saureus	Saureus_5000_rep2	5000	2	0	4.791000000000167	5000	0	9962	52979	10.5958	43017	63
Saureus	Saureus_5000_rep3	5000	3	0	4.778000000000247	5000	0	9943	52177	10.4354	42234	63
Saureus	Saureus_5000_rep4	5000	4	0	4.833999999999833	5000	0	9937	52270	10.454	42333	63
Saureus	Saureus_5000_rep5	5000	5	0	4.833000000000538	5000	0	9954	52562	10.5124	42608	63
Saureus	Saureus_5000_rep6	5000	6	0	4.792000000000371	5000	0	9925	52258	10.4516	42333	63
Saureus	Saureus_5000_rep7	5000	7	0	4.765000000000327	5000	0	9951	53208	10.6416	43257	63
Saureus	Saureus_5000_rep8	5000	8	0	4.777000000000044	5000	0	9942	52962	10.5924	43020	63
Saureus	Saureus_5000_rep9	5000	9	0	4.804000000000087	5000	0	9934	52640	10.528	42706	63
Paeruginosa	Paeruginosa_100_rep1	100	1	0	1.8140000000003056	100	0	842	1138	11.38	296	96
Paeruginosa	Paeruginosa_100_rep10	100	10	0	1.7970000000004802	100	0	827	1144	11.44	317	96
Paeruginosa	Paeruginosa_100_rep2	100	2	0	1.8270000000002256	100	0	839	1206	12.06	367	96
Paeruginosa	Paeruginosa_100_rep3	100	3	0	1.8049999999993815	100	0	845	1236	12.36	391	96
Paeruginosa	Paeruginosa_100_rep4	100	4	0	1.800000000000182	100	0	840	1235	12.35	395	96
Paeruginosa	Paeruginosa_100_rep5	100	5	0	1.7979999999997744	100	0	842	1145	11.45	303	96
Paeruginosa	Paeruginosa_100_rep6	100	6	0	1.774000000000342	100	0	836	1075	10.75	239	96
Paeruginosa	Paeruginosa_100_rep7	100	7	0	1.8079999999999927	100	0	847	1178	11.78	331	96
Paeruginosa	Paeruginosa_100_rep8	100	8	0	1.780999999999949	100	0	836	1189	11.89	353	96
Paeruginosa	Paeruginosa_100_rep9	100	9	0	1.8039999999991776	100	0	840	1297	12.97	457	96
Paeruginosa	Paeruginosa_1000_rep1	1000	1	0	2.757999999999811	1000	0	8371	11726	11.726	3355	96
Paeruginosa	Paeruginosa_1000_rep10	1000	10	0	2.7260000000005675	1000	0	8397	11843	11.843	3446	96
Paeruginosa	Paeruginosa_1000_rep2	1000	2	0	2.7460000000000946	1000	0	8339	11623	11.623	3284	96
Paeruginosa	Paeruginosa_1000_rep3	1000	3	0	2.7470000000002983	1000	0	8367	11944	11.944	3577	96
Paeruginosa	Paeruginosa_1000_rep4	1000	4	0	2.7460000000000946	1000	0	8359	11604	11.604	3245	96
Paeruginosa	Paeruginosa_1000_rep5	1000	5	0	2.743000000000393	1000	0	8387	11912	11.912	3525	96
Paeruginosa	Paeruginosa_1000_rep6	1000	6	0	2.7539999999999054	1000	0	8376	11612	11.612	3236	96
Paeruginosa	Paeruginosa_1000_rep7	1000	7	0	2.774000000000342	1000	0	8366	11844	11.844	3478	96
Paeruginosa	Paeruginosa_1000_rep8	1000	8	0	2.729999999999563	1000	0	8386	11895	11.895	3509	96
Paeruginosa	Paeruginosa_1000_rep9	1000	9	0	2.713999999999942	1000	0	8346	11728	11.728	3382	96
Paeruginosa	Paeruginosa_10000_rep1	10000	1	0	13.46599999999944	10000	0	83758	117343	11.7343	33585	96
Paeruginosa	Paeruginosa_10000_rep10	10000	10	0	13.706999999999423	10000	0	83786	117303	11.7303	33517	96
Paeruginosa	Paeruginosa_10000_rep2	10000	2	0	13.605999999999767	10000	0	83690	117634	11.7634	33944	96
Paeruginosa	Paeruginosa_10000_rep3	10000	3	0	13.743999999999687	10000	0	83845	117395	11.7395	33550	96
Paeruginosa	Paeruginosa_10000_rep4	10000	4	0	13.726000000000568	10000	0	83722	117740	11.774	34018	96
Paeruginosa	Paeruginosa_10000_rep5	10000	5	0	13.750999999999294	10000	0	83700	117184	11.7184	33484	96
Paeruginosa	Paeruginosa_10000_rep6	10000	6	0	14.090000000000146	10000	0	83767	117509	11.7509	33742	96
Paeruginosa	Paeruginosa_10000_rep7	10000	7	0	13.907000000000153	10000	0	83866	117871	11.7871	34005	96
Paeruginosa	Paeruginosa_10000_rep8	10000	8	0	13.987999999999374	10000	0	83826	118067	11.8067	34241	96
Paeruginosa	Paeruginosa_10000_rep9	10000	9	0	13.724999999999454	10000	0	83764	117460	11.746	33696	96
Paeruginosa	Paeruginosa_200_rep1	200	1	0	1.9520000000002256	200	0	1663	2340	11.7	677	96
Paeruginosa	Paeruginosa_200_rep10	200	10	0	1.8900000000003272	200	0	1668	2302	11.51	634	96
Paeruginosa	Paeruginosa_200_rep2	200	2	0	1.9099999999998545	200	0	1692	2320	11.6	628	96
Paeruginosa	Paeruginosa_200_rep3	200	3	0	2.016999999999826	200	0	1671	2284	11.42	613	96
Paeruginosa	Paeruginosa_200_rep4	200	4	0	1.988999999999578	200	0	1689	2484	12.42	795	96
Paeruginosa	Paeruginosa_200_rep5	200	5	0	2.0159999999996217	200	0	1671	2412	12.06	741	96
Paeruginosa	Paeruginosa_200_rep6	200	6	0	1.9530000000004293	200	0	1670	2359	11.795	689	96
Paeruginosa	Paeruginosa_200_rep7	200	7	0	1.9140000000006696	200	0	1666	2349	11.745	683	96
Paeruginosa	Paeruginosa_200_rep8	200	8	0	1.8969999999999343	200	0	1671	2333	11.665	662	96
Paeruginosa	Paeruginosa_200_rep9	200	9	0	1.912000000000262	200	0	1670	2372	11.86	702	96
Paeruginosa	Paeruginosa_2000_rep1	2000	1	0	3.824999999999818	2000	0	16748	23594	11.797	6846	96
Paeruginosa	Paeruginosa_2000_rep10	2000	10	0	3.837000000000444	2000	0	16713	23725	11.8625	7012	96
Paeruginosa	Paeruginosa_2000_rep2	2000	2	0	3.798999999999978	2000	0	16761	23537	11.7685	6776	96
Paeruginosa	Paeruginosa_2000_rep3	2000	3	0	3.921000000000277	2000	0	16773	23323	11.6615	6550	96
Paeruginosa	Paeruginosa_2000_rep4	2000	4	0	3.84900000000016	2000	0	16790	23728	11.864	6938	96
Paeruginosa	Paeruginosa_2000_rep5	2000	5	0	3.867000000000189	2000	0	16781	23330	11.665	6549	96
Paeruginosa	Paeruginosa_2000_rep6	2000	6	0	3.889999999999418	2000	0	16695	23416	11.708	6721	96
Paeruginosa	Paeruginosa_2000_rep7	2000	7	0	3.8469999999997526	2000	0	16728	23686	11.843	6958	96
Paeruginosa	Paeruginosa_2000_rep8	2000	8	0	3.8759999999992942	2000	0	16754	23616	11.808	6862	96
Paeruginosa	Paeruginosa_2000_rep9	2000	9	0	3.816000000000713	2000	0	16743	23743	11.8715	7000	96
Paeruginosa	Paeruginosa_500_rep1	500	1	0	2.263999999999214	500	0	4149	5946	11.892	1797	96
Paeruginosa	Paeruginosa_500_rep10	500	10	0	2.225000000000364	500	0	4174	5813	11.626	1639	96
Paeruginosa	Paeruginosa_500_rep2	500	2	0	2.269000000000233	500	0	4175	5826	11.652	1651	96
Paeruginosa	Paeruginosa_500_rep3	500	3	0	2.2159999999985303	500	0	4176	5878	11.756	1702	96
Paeruginosa	Paeruginosa_500_rep4	500	4	0	2.2049999999999272	500	0	4185	5825	11.65	1640	96
Paeruginosa	Paeruginosa_500_rep5	500	5	0	2.1929999999993015	500	0	4192	5932	11.864	1740	96
Paeruginosa	Paeruginosa_500_rep6	500	6	0	2.2370000000009895	500	0	4192	6051	12.102	1859	96
Paeruginosa	Paeruginosa_500_rep7	500	7	0	2.1749999999992724	500	0	4189	5952	11.904	1763	96
Paeruginosa	Paeruginosa_500_rep8	500	8	0	2.1849999999994907	500	0	4170	5781	11.562	1611	96
Paeruginosa	Paeruginosa_500_rep9	500	9	0	2.1849999999994907	500	0	4190	5720	11.44	1530	96
Paeruginosa	Paeruginosa_5000_rep1	5000	1	0	7.614000000001397	5000	0	41855	58615	11.723	16760	96
Paeruginosa	Paeruginosa_5000_rep10	5000	10	0	7.646999999999025	5000	0	41884	58871	11.7742	16987	96
Paeruginosa	Paeruginosa_5000_rep2	5000	2	0	7.707000000000335	5000	0	41899	58956	11.7912	17057	96
Paeruginosa	Paeruginosa_5000_rep3	5000	3	0	7.776000000001659	5000	0	41879	59062	11.8124	17183	96
Paeruginosa	Paeruginosa_5000_rep4	5000	4	0	7.674000000000888	5000	0	41892	58772	11.7544	16880	96
Paeruginosa	Paeruginosa_5000_rep5	5000	5	0	7.588999999999942	5000	0	41911	59307	11.8614	17396	96
Paeruginosa	Paeruginosa_5000_rep6	5000	6	0	7.649999999999636	5000	0	41894	59001	11.8002	17107	96
Paeruginosa	Paeruginosa_5000_rep7	5000	7	0	7.618000000000393	5000	0	41941	59093	11.8186	17152	96
Paeruginosa	Paeruginosa_5000_rep8	5000	8	0	7.778000000000247	5000	0	41892	58164	11.6328	16272	96
Paeruginosa	Paeruginosa_5000_rep9	5000	9	0	7.641999999999825	5000	0	41919	58969	11.7938	17050	96
Cjejuni	Cjejuni_100_rep1	100	1	0	1.831000000000131	99	0	162	227	2.292929292929293	65	99
Cjejuni	Cjejuni_100_rep10	100	10	0	1.7219999999997526	98	0	139	209	2.13265306122449	70	99
Cjejuni	Cjejuni_100_rep2	100	2	0	1.7380000000011933	99	0	145	211	2.1313131313131315	66	99
Cjejuni	Cjejuni_100_rep3	100	3	0	1.793999999999869	98	0	155	247	2.520408163265306	92	99
Cjejuni	Cjejuni_100_rep4	100	4	0	1.789999999999054	99	0	155	211	2.1313131313131315	56	99
Cjejuni	Cjejuni_100_rep5	100	5	0	1.7139999999999418	98	0	162	237	2.4183673469387754	75	99
Cjejuni	Cjejuni_100_rep6	100	6	0	1.7330000000001746	100	0	159	213	2.13	54	99
Cjejuni	Cjejuni_100_rep7	100	7	0	1.701000000000931	99	0	143	208	2.101010101010101	65	99
Cjejuni	Cjejuni_100_rep8	100	8	0	1.7330000000001746	99	0	164	241	2.4343434343434343	77	99
Cjejuni	Cjejuni_100_rep9	100	9	0	1.72400000000016	99	0	144	209	2.111111111111111	65	99
Cjejuni	Cjejuni_1000_rep1	1000	1	0	1.8989999999994325	989	0	1541	2248	2.2730030333670372	707	99
Cjejuni	Cjejuni_1000_rep10	1000	10	0	1.92699999999968	990	0	1490	2217	2.2393939393939393	727	99
Cjejuni	Cjejuni_1000_rep2	1000	2	0	1.904000000000451	984	0	1520	2231	2.2672764227642275	711	99
Cjejuni	Cjejuni_1000_rep3	1000	3	0	1.9240000000008877	988	0	1487	2210	2.236842105263158	723	99
Cjejuni	Cjejuni_1000_rep4	1000	4	0	1.9279999999998836	986	0	1539	2240	2.2718052738336714	701	99
Cjejuni	Cjejuni_1000_rep5	1000	5	0	1.9430000000011205	983	0	1546	2211	2.249237029501526	665	99
Cjejuni	Cjejuni_1000_rep6	1000	6	0	1.9089999999996508	993	0	1521	2247	2.2628398791540785	726	99
Cjejuni	Cjejuni_1000_rep7	1000	7	0	1.8949999999986176	989	0	1542	2212	2.236602628918099	670	99
Cjejuni	Cjejuni_1000_rep8	1000	8	0	1.9500000000007276	985	0	1540	2284	2.318781725888325	744	99
Cjejuni	Cjejuni_1000_rep9	1000	9	0	1.9099999999998545	982	0	1497	2167	2.206720977596741	670	99
Cjejuni	Cjejuni_10000_rep1	10000	1	0	4.040000000000873	9824	0	15120	22227	2.262520358306189	7107	99
Cjejuni	Cjejuni_10000_rep10	10000	10	0	4.08600000000115	9850	0	15253	22367	2.270761421319797	7114	99
Cjejuni	Cjejuni_10000_rep2	10000	2	0	4.055000000000291	9845	0	15229	22296	2.2647028948704926	7067	99
Cjejuni	Cjejuni_10000_rep3	10000	3	0	4.065999999998894	9846	0	15288	22430	2.278082470038594	7142	99
Cjejuni	Cjejuni_10000_rep4	10000	4	0	4.037000000000262	9848	0	15219	22291	2.263505280259951	7072	99
Cjejuni	Cjejuni_10000_rep5	10000	5	0	4.007999999999811	9827	0	15224	22270	2.2662053525999797	7046	99
Cjejuni	Cjejuni_10000_rep6	10000	6	0	4.050999999999476	9857	0	15105	22196	2.251800750735518	7091	99
Cjejuni	Cjejuni_10000_rep7	10000	7	0	3.9909999999999854	9843	0	15155	22128	2.2480950929594634	6973	99
Cjejuni	Cjejuni_10000_rep8	10000	8	0	4.015000000001237	9852	0	15138	22452	2.278928136419001	7314	99
Cjejuni	Cjejuni_10000_rep9	10000	9	0	4.0090000000000146	9870	0	15130	22112	2.2403242147922997	6982	99
Cjejuni	Cjejuni_200_rep1	200	1	0	1.7409999999999854	198	0	272	409	2.0656565656565657	137	99
Cjejuni	Cjejuni_200_rep10	200	10	0	1.75	195	0	295	423	2.169230769230769	128	99
Cjejuni	Cjejuni_200_rep2	200	2	0	1.7150000000001455	196	0	299	423	2.1581632653061225	124	99
Cjejuni	Cjejuni_200_rep3	200	3	0	1.789999999999054	197	0	301	448	2.2741116751269037	147	99
Cjejuni	Cjejuni_200_rep4	200	4	0	1.712999999999738	196	0	310	471	2.4030612244897958	161	99
Cjejuni	Cjejuni_200_rep5	200	5	0	1.7199999999993452	200	0	324	476	2.38	152	99
Cjejuni	Cjejuni_200_rep6	200	6	0	1.7219999999997526	196	0	292	433	2.2091836734693877	141	99
Cjejuni	Cjejuni_200_rep7	200	7	0	1.7299999999995634	199	0	278	421	2.1155778894472363	143	99
Cjejuni	Cjejuni_200_rep8	200	8	0	1.7420000000001892	198	0	295	433	2.186868686868687	138	99
Cjejuni	Cjejuni_200_rep9	200	9	0	1.7070000000003347	196	0	316	469	2.392857142857143	153	99
Cjejuni	Cjejuni_2000_rep1	2000	1	0	2.128000000000611	1973	0	3058	4445	2.2529143436391283	1387	99
Cjejuni	Cjejuni_2000_rep10	2000	10	0	2.1370000000006257	1963	0	3020	4472	2.2781456953642385	1452	99
Cjejuni	Cjejuni_2000_rep2	2000	2	0	2.1189999999987776	1977	0	3093	4508	2.280222559433485	1415	99
Cjejuni	Cjejuni_2000_rep3	2000	3	0	2.1340000000000146	1976	0	3098	4517	2.2859311740890687	1419	99
Cjejuni	Cjejuni_2000_rep4	2000	4	0	2.1309999999994034	1972	0	3161	4653	2.359533468559838	1492	99
Cjejuni	Cjejuni_2000_rep5	2000	5	0	2.130000000001018	1964	0	3080	4536	2.309572301425662	1456	99
Cjejuni	Cjejuni_2000_rep6	2000	6	0	2.106999999999971	1970	0	3113	4525	2.296954314720812	1412	99
Cjejuni	Cjejuni_2000_rep7	2000	7	0	2.1239999999997963	1972	0	3042	4403	2.2327586206896552	1361	99
Cjejuni	Cjejuni_2000_rep8	2000	8	0	2.353000000000975	1973	0	3021	4468	2.2645717181956413	1447	99
Cjejuni	Cjejuni_2000_rep9	2000	9	0	2.2670000000016444	1965	0	3044	4500	2.2900763358778624	1456	99
Cjejuni	Cjejuni_500_rep1	500	1	0	1.8670000000001892	489	0	746	1081	2.210633946830266	335	99
Cjejuni	Cjejuni_500_rep10	500	10	0	1.8249999999989088	494	0	749	1126	2.279352226720648	377	99
Cjejuni	Cjejuni_500_rep2	500	2	0	1.805000000000291	491	0	767	1140	2.3217922606924644	373	99
Cjejuni	Cjejuni_500_rep3	500	3	0	1.819999999999709	494	0	781	1144	2.3157894736842106	363	99
Cjejuni	Cjejuni_500_rep4	500	4	0	1.8509999999987483	493	0	782	1136	2.3042596348884383	354	99
Cjejuni	Cjejuni_500_rep5	500	5	0	1.8770000000004077	491	0	746	1105	2.25050916496945	359	99
Cjejuni	Cjejuni_500_rep6	500	6	0	2.0229999999992287	496	0	776	1142	2.3024193548387095	366	99
Cjejuni	Cjejuni_500_rep7	500	7	0	2.007999999999811	494	0	763	1124	2.2753036437246963	361	99
Cjejuni	Cjejuni_500_rep8	500	8	0	1.9989999999997965	493	0	751	1151	2.334685598377282	400	99
Cjejuni	Cjejuni_500_rep9	500	9	0	1.8770000000004077	494	0	749	1095	2.216599190283401	346	99
Cjejuni	Cjejuni_5000_rep1	5000	1	0	3.029000000000451	4931	0	7695	11227	2.2768201176232004	3532	99
Cjejuni	Cjejuni_5000_rep10	5000	10	0	3.0940000000009604	4925	0	7708	11221	2.2783756345177664	3513	99
Cjejuni	Cjejuni_5000_rep2	5000	2	0	3.0930000000007567	4925	0	7632	11143	2.2625380710659897	3511	99
Cjejuni	Cjejuni_5000_rep3	5000	3	0	3.014000000001033	4911	0	7511	10973	2.2343718183669314	3462	99
Cjejuni	Cjejuni_5000_rep4	5000	4	0	3.3509999999987485	4931	0	7589	11197	2.2707361589941186	3608	99
Cjejuni	Cjejuni_5000_rep5	5000	5	0	2.988999999999578	4933	0	7630	11230	2.276505169268194	3600	99
Cjejuni	Cjejuni_5000_rep6	5000	6	0	3.095999999999549	4936	0	7642	11229	2.2749189627228525	3587	99
Cjejuni	Cjejuni_5000_rep7	5000	7	0	2.9549999999999272	4934	0	7610	11176	2.2650993109039317	3566	99
Cjejuni	Cjejuni_5000_rep8	5000	8	0	3.003999999998996	4934	0	7656	11156	2.261045804620997	3500	99
Cjejuni	Cjejuni_5000_rep9	5000	9	0	3.052000000001499	4932	0	7585	11212	2.2733171127331713	3627	99
